<?xml version="1.0" encoding="UTF-8"?><rss version="2.0"
	xmlns:content="http://purl.org/rss/1.0/modules/content/"
	xmlns:dc="http://purl.org/dc/elements/1.1/"
	xmlns:atom="http://www.w3.org/2005/Atom"
	xmlns:sy="http://purl.org/rss/1.0/modules/syndication/"
	
	>
<channel>
	<title>
	Comments on: Amazon’s NYC warehouse votes to unionize — drawing White House praise	</title>
	<atom:link href="https://techworm.page/amazons-nyc-warehouse-votes-to-unionize-drawing-white-house-praise/feed/" rel="self" type="application/rss+xml" />
	<link>https://techworm.page/amazons-nyc-warehouse-votes-to-unionize-drawing-white-house-praise/</link>
	<description>News Around the world</description>
	<lastBuildDate>Sun, 11 Sep 2022 06:02:39 +0000</lastBuildDate>
	<sy:updatePeriod>
	hourly	</sy:updatePeriod>
	<sy:updateFrequency>
	1	</sy:updateFrequency>
	<generator>https://wordpress.org/?v=6.0.2</generator>
</channel>
</rss>
