<?xml version="1.0" encoding="UTF-8"?><rss version="2.0"
	xmlns:content="http://purl.org/rss/1.0/modules/content/"
	xmlns:dc="http://purl.org/dc/elements/1.1/"
	xmlns:atom="http://www.w3.org/2005/Atom"
	xmlns:sy="http://purl.org/rss/1.0/modules/syndication/"
	
	>
<channel>
	<title>
	Comments on: All organisms produce methane: The formation of the greenhouse gas is driven by reactive oxygen species	</title>
	<atom:link href="https://techworm.page/all-organisms-produce-methane-the-formation-of-the-greenhouse-gas-is-driven-by-reactive-oxygen-species/feed/" rel="self" type="application/rss+xml" />
	<link>https://techworm.page/all-organisms-produce-methane-the-formation-of-the-greenhouse-gas-is-driven-by-reactive-oxygen-species/</link>
	<description>News Around the world</description>
	<lastBuildDate>Sun, 11 Sep 2022 06:02:16 +0000</lastBuildDate>
	<sy:updatePeriod>
	hourly	</sy:updatePeriod>
	<sy:updateFrequency>
	1	</sy:updateFrequency>
	<generator>https://wordpress.org/?v=6.0.2</generator>
</channel>
</rss>
